Player,Rk,Age,Pos,WAR,G,PA,AB,R,H,2B,3B,HR,RBI,SB,CS,BB,SO,BA,OBP,SLG,OPS,OPS+,rOBA,Rbat+,TB,GIDP,HBP,SH,SF,IBB,Pos.1,Awards,Player-additional
Adley Rutschman#,1.0,27.0,C,1.9,90,365,322,37,71,16,2,9,29,0,0,40,57,0.22,0.307,0.366,0.673,90.0,0.297,89.0,118,8,1,0,2,0,2D/H,,rutscad01
Coby Mayo,2.0,23.0,1B,0.2,85,294,263,30,57,12,0,11,28,3,0,27,84,0.217,0.299,0.388,0.687,93.0,0.303,92.0,102,2,4,0,0,0,3/DH5,,mayoco01
Jackson Holliday*,3.0,21.0,2B,1.0,149,649,586,70,142,21,3,17,55,17,11,56,140,0.242,0.314,0.375,0.69,95.0,0.305,97.0,220,4,6,0,1,1,*4/6DH,,hollija01
Gunnar Henderson*,4.0,24.0,SS,5.3,154,651,577,85,158,34,5,17,68,30,5,62,137,0.274,0.349,0.438,0.787,121.0,0.349,122.0,253,7,7,0,5,6,*6/DH,,hendegu01
Ramón Urías,5.0,31.0,3B,1.5,77,290,258,27,64,12,0,8,34,2,0,21,60,0.248,0.3,0.388,0.688,93.0,0.301,91.0,100,5,2,0,9,0,5/H3D4,,uriasra01
Dylan Carlson#,6.0,26.0,LF,-0.7,83,241,217,17,44,9,1,6,20,3,3,21,54,0.203,0.278,0.336,0.614,73.0,0.274,75.0,73,3,2,0,1,0,798H,,carlsdy01
Cedric Mullins*,7.0,30.0,CF,0.0,91,355,314,42,72,19,0,15,49,14,4,34,85,0.229,0.305,0.433,0.738,106.0,0.32,103.0,136,2,2,1,4,0,8/DH,,mullice01
Ramón Laureano,8.0,30.0,RF,3.0,82,290,259,45,75,17,0,15,46,4,3,22,72,0.29,0.355,0.529,0.884,146.0,0.373,146.0,137,6,6,0,3,1,97/DH8,,laurera01
Ryan Mountcastle,9.0,28.0,DH,0.1,89,357,332,34,83,18,0,7,35,3,0,15,98,0.25,0.286,0.367,0.653,83.0,0.302,91.0,122,10,4,0,6,0,3D/H,,mountry01
Ryan O'Hearn*,10.0,31.0,1B,2.0,94,361,311,45,88,15,1,13,43,3,1,42,63,0.283,0.374,0.463,0.837,136.0,0.362,136.0,144,10,5,0,3,3,3D9/H7,AS,ohearry01
Colton Cowser*,11.0,25.0,OF,1.0,92,360,327,36,64,14,0,16,40,14,0,27,128,0.196,0.269,0.385,0.655,83.0,0.292,79.0,126,5,6,0,0,1,87/9HD,,cowseco01
Jordan Westburg,12.0,26.0,IF,1.6,85,352,328,59,87,10,1,17,41,1,2,17,80,0.265,0.313,0.457,0.77,114.0,0.334,118.0,150,5,6,0,1,0,54D/H,,westbjo01
Tyler O'Neill,13.0,30.0,RF,-0.6,54,209,181,22,36,6,1,9,26,4,0,22,51,0.199,0.292,0.392,0.684,92.0,0.302,90.0,71,2,3,0,3,1,9D/7H,,oneilty01
Jeremiah Jackson,14.0,25.0,RF,0.4,48,183,170,20,47,10,2,5,21,0,2,11,50,0.276,0.328,0.447,0.775,117.0,0.329,116.0,76,6,2,0,0,0,95/HD4,,jacksje02
Heston Kjerstad*,15.0,26.0,OF,-1.6,54,167,156,16,30,5,2,4,19,1,0,6,45,0.192,0.24,0.327,0.566,58.0,0.253,56.0,51,9,4,0,1,0,79/HD,,kjershe01
Dylan Beavers*,16.0,23.0,OF,1.0,35,137,110,16,25,5,1,4,14,2,2,26,36,0.227,0.375,0.4,0.775,120.0,0.346,128.0,44,0,0,1,0,0,79/H,,beavedy01
Emmanuel Rivera,17.0,29.0,3B,0.1,42,127,120,5,30,4,0,0,13,1,0,6,24,0.25,0.291,0.283,0.575,64.0,0.267,66.0,34,3,1,0,0,0,5/3HD1,,riverem01
Samuel Basallo*,18.0,20.0,C,-0.2,31,118,109,10,18,6,0,4,15,0,0,6,30,0.165,0.229,0.33,0.559,56.0,0.245,51.0,36,4,3,0,0,0,2/D3H,,basalsa01
Gary Sánchez,19.0,32.0,C,-0.4,29,101,91,13,21,2,0,5,24,0,0,4,27,0.231,0.297,0.418,0.715,100.0,0.308,97.0,38,2,5,0,1,0,2/D1H,,sanchga02
Alex Jackson,20.0,29.0,C,0.7,36,100,91,17,20,8,0,5,8,0,0,5,37,0.22,0.29,0.473,0.763,111.0,0.323,108.0,43,2,4,0,0,0,2/H1D,,jacksal02
Jorge Mateo,21.0,30.0,UT,-0.6,42,83,79,9,14,4,0,1,3,15,2,4,30,0.177,0.217,0.266,0.483,36.0,0.243,28.0,21,1,0,0,0,0,H68/4D517,,mateojo01
Luis Vázquez,22.0,25.0,IF,-0.5,32,53,50,6,8,1,0,1,3,2,0,3,14,0.16,0.208,0.24,0.448,27.0,0.206,17.0,12,0,0,0,0,0,56/H143D,,vazqulu01
Maverick Handley,23.0,27.0,C,-0.9,16,47,41,2,3,0,0,0,3,0,0,2,18,0.073,0.133,0.073,0.207,-39.0,0.103,-59.0,3,0,1,2,1,0,2/H,,handlma01
Jacob Stallings,24.0,35.0,C,-0.4,14,36,35,1,4,1,0,0,3,0,0,1,9,0.114,0.139,0.143,0.282,-20.0,0.152,-16.0,5,4,0,0,0,0,2/H,,stallja01
Daniel Johnson*,25.0,29.0,OF,0.1,17,26,24,8,5,1,0,0,0,1,1,2,5,0.208,0.269,0.25,0.519,49.0,0.255,66.0,6,0,0,0,0,0,/H798,,johnsda07
Chadwick Tromp,26.0,30.0,C,0.1,6,16,16,2,3,1,0,1,1,0,0,0,4,0.188,0.188,0.438,0.625,69.0,0.315,102.0,7,0,0,0,0,0,/2,,trompch01
Greg Allen#,27.0,32.0,OF,-0.4,7,14,14,1,0,0,0,0,0,0,1,0,5,0.0,0.0,0.0,0.0,-100.0,-0.035,-127.0,0,2,0,0,0,0,/87H,,allengr01
Ryan Noda*,28.0,29.0,RF,0.0,7,14,13,0,2,0,0,0,1,1,0,1,6,0.154,0.214,0.154,0.368,7.0,0.156,-37.0,2,0,0,0,0,1,/9HD,,nodary01
Vimael Machín*,29.0,31.0,3B,0.1,4,12,11,1,1,0,0,1,1,0,0,1,2,0.091,0.167,0.364,0.53,44.0,0.225,37.0,4,0,0,0,0,0,/5,,machivi01
Jordyn Adams,30.0,25.0,OF,-0.1,10,5,5,1,0,0,0,0,0,0,0,0,2,0.0,0.0,0.0,0.0,-100.0,0.0,-125.0,0,0,0,0,0,0,/89H,,adamsjo03
David Bañuelos,31.0,28.0,DH,0.0,1,2,1,0,0,0,0,0,0,0,0,0,1,0.0,0.5,0.0,0.5,61.0,0.358,135.0,0,0,1,0,0,0,/DH,,banueda01
Cooper Hummel#,32.0,30.0,RF,0.0,1,1,1,0,0,0,0,0,0,0,0,0,1,0.0,0.0,0.0,0.0,-100.0,0.0,-136.0,0,0,0,0,0,0,/9,,hummeco01
Vidal Bruján#,33.0,27.0,CF,0.1,1,1,1,0,1,0,0,0,0,0,0,0,0,1.0,1.0,1.0,2.0,471.0,0.889,536.0,1,0,0,0,0,0,/8,,brujavi01
Terrin Vavra*,34.0,28.0,2B,0.0,1,1,1,0,0,0,0,0,0,0,0,0,0,0.0,0.0,0.0,0.0,-100.0,0.0,-136.0,0,0,0,0,0,0,/4H,,vavrate01
Trevor Rogers*,35.0,27.0,P,0.0,1,2,2,0,0,0,0,0,0,0,0,0,2,0.0,0.0,0.0,0.0,-100.0,0.0,-122.0,0,0,0,0,0,0,1,CYA-9,rogertr01
Andrew Kittredge,36.0,35.0,P,0.0,2,0,0,0,0,0,0,0,0,0,0,0,0,,,,,,,,0,0,0,0,0,0,1,,kittran01
Cionel Pérez,37.0,29.0,P,0.0,1,0,0,0,0,0,0,0,0,0,0,0,0,,,,,,,,0,0,0,0,0,0,1,,perezci01
Dietrich Enns*,38.0,34.0,P,0.0,1,0,0,0,0,0,0,0,0,0,0,0,0,,,,,,,,0,0,0,0,0,0,1,,ennsdi01
Seranthony Domínguez,39.0,30.0,P,0.0,2,0,0,0,0,0,0,0,0,0,0,0,0,,,,,,,,0,0,0,0,0,0,1,,dominse01
Yennier Cano,40.0,31.0,P,0.0,1,0,0,0,0,0,0,0,0,0,0,0,0,,,,,,,,0,0,0,0,0,0,1,,canoye01
Matt Bowman,41.0,34.0,P,0.0,1,0,0,0,0,0,0,0,0,0,0,0,0,,,,,,,,0,0,0,0,0,0,1,,bowmama01
Félix Bautista,42.0,30.0,P,0.0,1,0,0,0,0,0,0,0,0,0,0,0,0,,,,,,,,0,0,0,0,0,0,1,,bautife01
Bryan Baker,43.0,30.0,P,0.0,1,0,0,0,0,0,0,0,0,0,0,0,0,,,,,,,,0,0,0,0,0,0,1,,bakerbr01
Keegan Akin*,44.0,30.0,P,0.0,2,0,0,0,0,0,0,0,0,0,0,0,0,,,,,,,,0,0,0,0,0,0,1,,akinke01
Team Totals,,,,13.7,162,6020,5416,677,1273,251,19,191,643,121,37,484,1457,0.235,0.305,0.394,0.699,96.0,0.309,96.0,2135,102,75,4,41,14,,,-9999
Danny Jansen,1.0,30.0,C,2.1,73,259,221,28,45,8,0,11,29,0,0,33,68,0.204,0.314,0.389,0.703,96.0,0.312,98.0,86,4,3,1,1,0,2/H,,janseda01
Jonathan Aranda*,2.0,27.0,1B,3.5,106,422,370,56,117,22,0,14,59,0,2,41,107,0.316,0.393,0.489,0.883,146.0,0.377,147.0,181,9,8,0,3,3,3DH,AS,arandjo01
Brandon Lowe*,3.0,30.0,2B,1.9,134,553,507,79,130,19,0,31,83,3,2,38,149,0.256,0.307,0.477,0.785,116.0,0.337,117.0,242,6,2,0,6,1,*4/DH3,AS,lowebr01
Taylor Walls#,4.0,28.0,SS,2.6,101,317,282,36,62,14,1,4,38,14,6,26,70,0.22,0.28,0.319,0.599,68.0,0.269,66.0,90,1,0,3,6,0,6/H45D,,wallsta01
Junior Caminero,5.0,21.0,3B,4.4,154,653,602,93,159,28,0,45,110,7,1,41,125,0.264,0.311,0.535,0.846,131.0,0.366,136.0,322,31,3,0,7,1,*5/DH3,ASMVP-9,caminju01
Christopher Morel,6.0,26.0,LF,-0.3,105,305,278,37,61,16,0,11,33,7,2,25,109,0.219,0.289,0.396,0.684,90.0,0.306,92.0,110,8,2,0,0,0,7HD/94,,morelch01
Chandler Simpson*,7.0,24.0,CF,0.4,109,441,414,53,122,15,3,0,26,44,12,20,43,0.295,0.326,0.345,0.671,89.0,0.306,86.0,143,10,0,3,2,0,87/HD9,ROY-13,simpsch01
Josh Lowe*,8.0,27.0,RF,0.1,108,435,396,56,87,21,2,11,40,18,4,33,109,0.22,0.283,0.366,0.65,81.0,0.289,77.0,145,7,3,1,2,1,9/HD,,lowejo01
Yandy Díaz,9.0,33.0,DH,3.4,150,651,583,79,175,29,1,25,83,3,1,57,92,0.3,0.366,0.482,0.848,136.0,0.364,136.0,281,12,6,0,5,4,*D3,MVP-18,diazya01
Jake Mangum#,10.0,29.0,OF,1.6,118,428,405,37,120,18,1,3,40,27,6,19,64,0.296,0.33,0.368,0.698,96.0,0.313,93.0,149,4,2,1,1,0,*789/HD,,manguja01
José Caballero,11.0,28.0,UT,1.8,86,275,235,37,53,12,1,2,27,34,8,33,80,0.226,0.327,0.311,0.638,81.0,0.309,85.0,73,1,3,3,1,0,6594H/78D1,,cabaljo01
Kameron Misner*,12.0,27.0,CF,0.7,71,217,197,27,42,9,1,5,22,8,1,16,69,0.213,0.273,0.345,0.618,72.0,0.279,69.0,68,1,1,1,2,0,89/7HD,,misneka01
Curtis Mead,13.0,24.0,IF,0.4,49,132,115,14,26,2,1,3,8,4,1,12,33,0.226,0.318,0.339,0.657,85.0,0.304,90.0,39,4,4,0,1,0,34H/5D,,meadcu01
Carson Williams,14.0,22.0,SS,-0.2,32,106,99,11,17,3,0,5,12,2,1,6,44,0.172,0.219,0.354,0.573,57.0,0.252,54.0,35,3,0,1,0,0,6/H,,willica02
Hunter Feduccia*,15.0,28.0,C,-0.5,36,102,86,5,13,5,0,0,8,1,0,14,28,0.151,0.265,0.209,0.474,36.0,0.227,34.0,18,0,0,0,2,0,2/HD,,feduchu01
Nick Fortes,16.0,28.0,C,0.3,38,101,89,8,19,3,0,3,11,1,0,7,25,0.213,0.307,0.348,0.655,84.0,0.313,97.0,31,3,5,0,0,0,2/HD,,forteni01
Ha-Seong Kim,17.0,29.0,SS,0.1,24,93,84,5,18,3,0,2,5,6,1,8,23,0.214,0.29,0.321,0.612,72.0,0.283,69.0,27,0,1,0,0,0,4-Jun,,kimha01
Tristan Gray*,18.0,29.0,IF,0.2,30,86,78,9,18,5,0,3,9,0,0,6,19,0.231,0.282,0.41,0.693,91.0,0.296,86.0,32,0,0,1,1,0,4/635H,,graytr01
Bob Seymour*,19.0,26.0,1B,-0.1,26,83,78,9,16,1,1,1,5,1,0,4,32,0.205,0.253,0.282,0.535,50.0,0.25,51.0,22,0,1,0,0,0,3/DH,,seymobo01
Matt Thaiss*,20.0,30.0,C,0.1,25,80,71,5,16,2,1,0,8,0,0,6,25,0.225,0.304,0.282,0.585,66.0,0.265,63.0,20,0,2,1,0,0,2/3H,,thaisma01
Everson Pereira,21.0,24.0,CF,-0.3,23,73,65,7,9,1,0,2,8,2,0,7,28,0.138,0.219,0.246,0.465,31.0,0.227,32.0,16,2,0,0,1,0,8/H9,,pereiev01
Ben Rortvedt*,22.0,27.0,C,-0.5,26,70,63,2,6,1,0,0,6,0,0,7,14,0.095,0.186,0.111,0.297,-13.0,0.163,-11.0,7,0,0,0,0,0,2,,rortvbe01
Jonny DeLuca,23.0,26.0,CF,0.6,20,59,57,5,19,1,3,0,4,6,0,2,13,0.333,0.356,0.456,0.812,126.0,0.365,119.0,26,0,0,0,0,0,8/HD,,delucjo01
Richie Palacios*,24.0,28.0,UT,0.0,17,48,42,10,14,2,0,1,3,4,0,5,9,0.333,0.396,0.452,0.848,138.0,0.389,140.0,19,3,0,0,1,0,/473DH9,,palacri01
Travis Jankowski*,25.0,34.0,OF,0.0,14,34,31,6,8,2,0,0,2,2,0,2,9,0.258,0.294,0.323,0.617,73.0,0.279,64.0,10,0,0,0,1,0,/97H,,jankotr01
Tristan Peters*,26.0,25.0,CF,-0.4,4,12,12,0,0,0,0,0,0,0,0,0,7,0.0,0.0,0.0,0.0,-100.0,0.0,-129.0,0,0,0,0,0,0,/8,,petertr01
Coco Montes,27.0,28.0,UT,0.1,5,10,10,0,2,0,0,0,1,0,0,0,3,0.2,0.2,0.2,0.4,13.0,0.178,0.0,2,0,0,0,0,0,/457,,monteco01
Connor Seabold,28.0,29.0,P,0.0,1,0,0,0,0,0,0,0,0,0,0,0,0,,,,,,,,0,0,0,0,0,0,/1,,seaboco01
Kevin Kelly,29.0,27.0,P,0.0,1,0,0,0,0,0,0,0,0,0,0,0,0,,,,,,,,0,0,0,0,0,0,1,,kellyke02
Team Totals,,,,21.7,162,6045,5470,714,1374,242,16,182,680,194,48,468,1397,0.251,0.313,0.401,0.714,99.0,0.317,99.0,2194,109,46,16,43,10,,,-9999
Carlos Narváez,1.0,26.0,C,2.6,118,446,403,51,97,27,0,15,50,1,1,38,111,0.241,0.306,0.419,0.726,100.0,0.311,97.0,169,12,1,2,2,0,*2/HD,ROY-6,narvaca01
Abraham Toro#,2.0,28.0,1B,-0.2,77,284,259,33,62,13,0,7,27,2,1,14,42,0.239,0.289,0.371,0.659,83.0,0.299,88.0,96,1,6,0,5,1,35/H1,,toroab01
Kristian Campbell,3.0,23.0,2B,-1.0,67,263,229,24,51,10,0,6,21,2,1,29,72,0.223,0.319,0.345,0.664,86.0,0.299,88.0,79,1,4,0,1,0,4/8H7D,,campbkr01
Trevor Story,4.0,32.0,SS,3.8,157,654,612,91,161,29,0,25,96,31,1,33,176,0.263,0.308,0.433,0.741,104.0,0.333,105.0,265,3,7,1,1,1,*6/HD,,storytr01
Alex Bregman,5.0,31.0,3B,3.5,114,495,433,64,118,28,0,18,62,1,1,51,70,0.273,0.36,0.462,0.821,128.0,0.357,130.0,200,12,9,0,2,3,*5/HD,AS,bregmal01
Jarren Duran*,6.0,28.0,LF,4.7,157,696,620,86,159,41,13,16,84,24,6,60,169,0.256,0.332,0.442,0.774,114.0,0.345,118.0,274,6,12,1,3,1,*78/H9D,,duranja01
Ceddanne Rafaela,7.0,24.0,CF,4.7,156,587,546,84,136,34,4,16,63,20,5,28,117,0.249,0.295,0.414,0.708,95.0,0.309,92.0,226,9,8,3,2,0,*84/H,GG,rafaece01
Wilyer Abreu*,8.0,26.0,RF,3.2,115,417,373,53,92,17,0,22,69,6,3,40,101,0.247,0.317,0.469,0.786,116.0,0.332,112.0,175,8,0,1,3,5,9H/D,GG,abreuwi02
Rafael Devers*,9.0,28.0,DH,2.3,73,334,272,47,74,18,0,15,58,1,1,56,76,0.272,0.401,0.504,0.905,151.0,0.387,153.0,137,7,4,0,2,7,D,,deverra01
Romy González,10.0,28.0,IF,2.0,96,341,315,47,96,23,3,9,53,6,5,18,81,0.305,0.343,0.483,0.826,128.0,0.363,137.0,152,8,3,0,5,1,34H/D5,,gonzaro01
Roman Anthony*,11.0,21.0,OF,3.1,71,303,257,48,75,18,1,8,32,4,1,40,84,0.292,0.396,0.463,0.859,140.0,0.375,142.0,119,2,5,0,1,0,97D/H,ROY-3,anthoro01
Rob Refsnyder,12.0,34.0,RF,1.2,70,209,182,29,49,12,0,9,30,3,0,24,54,0.269,0.354,0.484,0.838,131.0,0.368,135.0,88,6,1,0,2,1,9HD7,,refsnro01
Masataka Yoshida*,13.0,31.0,DH,0.2,55,205,188,16,50,11,0,4,26,3,0,10,24,0.266,0.307,0.388,0.696,93.0,0.32,100.0,73,3,3,0,4,0,D/H79,,yoshima02
David Hamilton*,14.0,27.0,2B,1.0,91,194,177,27,35,4,1,6,19,22,6,13,47,0.198,0.257,0.333,0.59,63.0,0.274,60.0,59,3,1,3,0,0,4H6/D5,,hamilda03
Connor Wong,15.0,29.0,C,-0.6,63,188,168,16,32,8,0,0,7,2,1,16,42,0.19,0.262,0.238,0.5,42.0,0.242,46.0,40,7,1,1,2,0,2/H3D,,wongco01
Marcelo Mayer*,16.0,22.0,3B,0.2,44,136,127,20,29,8,1,4,10,0,2,8,41,0.228,0.272,0.402,0.674,85.0,0.288,85.0,51,2,0,0,1,0,5/4H6,,mayerma01
Nathaniel Lowe*,17.0,29.0,1B,0.4,34,119,100,14,28,6,1,2,16,0,0,15,29,0.28,0.37,0.42,0.79,121.0,0.336,115.0,42,1,1,0,3,2,3/HD,,lowena01
Triston Casas*,18.0,25.0,1B,-0.9,29,112,99,5,18,3,0,3,11,0,0,11,27,0.182,0.277,0.303,0.58,62.0,0.263,61.0,30,3,2,0,0,2,3/H,,casastr01
Nick Sogard#,19.0,27.0,UT,0.1,30,104,96,13,25,8,0,0,9,2,1,5,24,0.26,0.317,0.344,0.661,85.0,0.3,88.0,33,3,3,0,0,0,3/54H96,,sogarni01
Nate Eaton,20.0,28.0,UT,0.1,41,90,81,16,24,4,0,1,4,9,2,6,19,0.296,0.348,0.383,0.731,105.0,0.334,104.0,31,1,1,1,1,0,95/H871D,,eatonna01
Blake Sabol*,21.0,27.0,C,-0.2,8,18,16,2,2,1,0,0,1,0,0,1,7,0.125,0.167,0.188,0.354,-1.0,0.156,-17.0,3,1,0,0,1,0,/2DH,,sabolbl01
Jhostynxon García,22.0,22.0,OF,0.0,5,9,7,0,1,1,0,0,0,0,0,2,5,0.143,0.333,0.286,0.619,76.0,0.29,81.0,2,0,0,0,0,0,/79DH,,garcijh01
Ali Sánchez,23.0,28.0,C,0.0,4,2,2,0,0,0,0,0,0,0,0,0,1,0.0,0.0,0.0,0.0,-100.0,0.0,-126.0,0,0,0,0,0,0,/2H,,sanchal04
Aroldis Chapman*,24.0,37.0,P,0.0,2,0,0,0,0,0,0,0,0,0,0,0,0,,,,,,,,0,0,0,0,0,0,1,ASCYA-7MVP-18,chapmar01
Garrett Whitlock,25.0,29.0,P,0.0,1,0,0,0,0,0,0,0,0,0,0,0,0,,,,,,,,0,0,0,0,0,0,1,,whitlga01
Brennan Bernardino*,26.0,33.0,P,0.0,1,0,0,0,0,0,0,0,0,0,0,0,0,,,,,,,,0,0,0,0,0,0,1,,bernabr01
Team Totals,,,,30.2,162,6206,5562,786,1414,324,24,186,748,139,38,518,1419,0.254,0.324,0.421,0.745,106.0,0.329,108.0,2344,99,72,13,41,24,,,-9999
Alejandro Kirk,1.0,26.0,C,2.3,130,506,451,45,127,18,0,15,76,1,0,48,59,0.282,0.348,0.421,0.769,111.0,0.334,110.0,190,16,1,0,6,2,*2H/D,AS,kirkal01
Vladimir Guerrero Jr.,2.0,26.0,1B,4.6,156,680,589,96,172,34,0,23,84,6,3,81,94,0.292,0.381,0.467,0.848,133.0,0.365,133.0,275,17,6,0,4,8,*3D/H,ASMVP-13,guerrvl02
Andrés Giménez*,3.0,26.0,2B,1.1,101,369,329,39,69,11,1,7,35,12,2,25,66,0.21,0.285,0.313,0.598,66.0,0.277,65.0,103,8,11,1,3,0,46/H,,gimenan01
Bo Bichette,4.0,27.0,SS,3.5,139,628,582,78,181,44,1,18,94,4,3,40,91,0.311,0.357,0.483,0.84,129.0,0.364,132.0,281,17,3,0,3,2,*6/DH,MVP-16,bichebo01
Addison Barger*,5.0,25.0,3B,1.2,135,502,460,61,112,32,1,21,74,4,1,36,121,0.243,0.301,0.454,0.756,105.0,0.32,100.0,209,8,3,0,2,4,59H/D,,bargead01
Davis Schneider,6.0,26.0,LF,1.3,82,227,188,33,44,5,0,11,31,3,1,36,60,0.234,0.361,0.436,0.797,119.0,0.36,128.0,82,4,2,0,1,0,74H/5D,,schneda03
Daulton Varsho*,7.0,28.0,CF,2.8,71,271,248,43,59,13,2,20,55,2,0,17,77,0.238,0.284,0.548,0.833,122.0,0.343,116.0,136,1,1,0,5,1,8/HD,,varshda01
Nathan Lukes*,8.0,30.0,RF,2.0,135,438,388,55,99,19,2,12,65,2,4,38,60,0.255,0.323,0.407,0.73,100.0,0.313,97.0,158,12,2,7,3,2,*978H/D,,lukesna01
George Springer,9.0,35.0,DH,4.8,140,586,498,106,154,27,1,32,84,18,1,69,111,0.309,0.399,0.56,0.959,161.0,0.414,165.0,279,14,8,0,4,3,D978/H,MVP-7SS,springe01
Ernie Clement,10.0,29.0,IF,4.3,157,588,545,83,151,35,2,9,50,6,5,27,61,0.277,0.313,0.398,0.711,95.0,0.306,91.0,217,13,4,7,5,1,5463H,,clemeer01
Myles Straw,11.0,30.0,OF,2.9,137,299,267,51,70,14,1,4,32,12,1,19,50,0.262,0.313,0.367,0.68,87.0,0.311,87.0,98,5,1,11,1,0,*87H9/4,,strawmy01
Anthony Santander#,12.0,30.0,DH,-1.0,54,221,194,16,34,5,0,6,18,0,0,25,61,0.175,0.271,0.294,0.565,57.0,0.253,51.0,57,6,1,0,1,1,D9/7H3,,santaan02
Tyler Heineman#,13.0,34.0,C,1.9,61,174,149,25,43,8,1,3,20,2,0,12,31,0.289,0.361,0.416,0.777,114.0,0.339,112.0,62,1,6,5,2,0,2/H1,,heinety01
Will Wagner*,14.0,26.0,3B,-0.5,40,132,114,13,27,7,0,0,7,1,0,15,26,0.237,0.336,0.298,0.634,78.0,0.311,92.0,34,2,2,1,0,0,53/DH4,,wagnewi01
Alan Roden*,15.0,25.0,LF,-0.1,43,113,98,12,20,5,1,1,8,0,1,8,24,0.204,0.283,0.306,0.589,63.0,0.256,56.0,30,0,4,0,3,0,79/H8,,rodenal01
Jonatan Clase#,16.0,23.0,LF,-0.2,34,112,100,10,21,3,0,2,9,3,1,10,28,0.21,0.288,0.3,0.588,63.0,0.264,57.0,30,1,1,1,0,0,7/8H9D,,clasejo01
Joey Loperfido*,17.0,26.0,LF,0.6,41,104,96,12,32,4,0,4,14,1,2,4,27,0.333,0.379,0.5,0.879,140.0,0.381,150.0,48,2,3,1,0,0,7H/9,,loperjo01
Ty France,18.0,30.0,1B,0.2,37,103,94,9,26,6,0,1,8,0,0,3,20,0.277,0.32,0.372,0.693,91.0,0.299,84.0,35,3,4,0,2,1,3H/D,GG,francty01
Leo Jiménez,19.0,24.0,MI,-0.3,18,32,29,2,2,0,0,1,1,0,0,2,8,0.069,0.129,0.172,0.301,-18.0,0.167,-15.0,5,1,0,1,0,0,4/H6D,,jimenle01
Isiah Kiner-Falefa,20.0,30.0,IF,0.0,19,31,30,5,7,1,0,1,5,0,0,0,8,0.233,0.258,0.367,0.625,70.0,0.262,58.0,11,0,1,0,0,0,4/5H16,,kineris01
Michael Stefanic,21.0,29.0,2B,0.0,9,25,22,1,4,0,0,0,0,0,0,3,3,0.182,0.28,0.182,0.462,32.0,0.221,28.0,4,0,0,0,0,0,/4H16,,stefami01
Ali Sánchez,22.0,28.0,C,-0.2,8,21,21,2,5,2,0,0,0,0,0,0,5,0.238,0.238,0.333,0.571,56.0,0.24,42.0,7,1,0,0,0,0,/213H,,sanchal04
Will Robertson*,23.0,27.0,OF,-0.2,3,12,10,0,1,0,0,0,1,0,0,1,7,0.1,0.25,0.1,0.35,3.0,0.191,6.0,1,1,1,0,0,0,/789,,roberwi02
Buddy Kennedy,24.0,26.0,IF,-0.1,2,6,5,1,1,1,0,0,0,0,0,1,1,0.2,0.333,0.4,0.733,102.0,0.321,100.0,2,0,0,0,0,0,/45,,kennebu01
Nick Sandlin,25.0,28.0,P,0.0,1,0,0,0,0,0,0,0,0,0,0,0,0,,,,,,,,0,0,0,0,0,0,1,,sandlni01
Jeff Hoffman,26.0,32.0,P,0.0,2,0,0,0,0,0,0,0,0,0,0,0,0,,,,,,,,0,0,0,0,0,0,1,,hoffmje02
Yimi García,27.0,34.0,P,0.0,1,0,0,0,0,0,0,0,0,0,0,0,0,,,,,,,,0,0,0,0,0,0,1,,garciyi01
Team Totals,,,,30.8,162,6180,5507,798,1461,294,13,191,771,77,25,520,1099,0.265,0.333,0.427,0.761,108.0,0.331,108.0,2354,133,65,35,45,25,,,-9999
